val_loss,epoch,step,test_loss
0.12405487149953842,0,859,
0.07283066213130951,1,1719,
0.06010648235678673,2,2579,
,2,2580,0.05196128040552139
