val_loss,epoch,step,test_loss
0.13395413756370544,0,859,
,0,900,0.12329743802547455
